YEAR,STATE,AVG_ADM_RATE,AVG_ADM_RATE_ALL
1996,AL,,
1996,IL,,
1996,AK,,
1996,WA,,
1996,AZ,,
1996,NM,,
1996,AR,,
1996,TN,,
1996,CA,,
1996,LA,,
1996,CO,,
1996,MN,,
1996,NY,,
1996,CT,,
1996,DE,,
1996,DC,,
1996,VA,,
1996,FL,,
1996,GA,,
1996,MI,,
1996,HI,,
1996,ID,,
1996,IN,,
1996,IA,,
1996,KS,,
1996,MO,,
1996,KY,,
1996,ME,,
1996,MD,,
1996,MA,,
1996,MS,,
1996,MT,,
1996,NE,,
1996,NV,,
1996,NH,,
1996,NJ,,
1996,NC,,
1996,ND,,
1996,OH,,
1996,WV,,
1996,OK,,
1996,OR,,
1996,PA,,
1996,RI,,
1996,SC,,
1996,SD,,
1996,TX,,
1996,UT,,
1996,VT,,
1996,WI,,
1996,WY,,
1996,AS,,
1996,GU,,
1996,MP,,
1996,PR,,
1996,FM,,
1996,PW,,
1996,VI,,
1996,MH,,
1997,AL,,
1997,IL,,
1997,AK,,
1997,WA,,
1997,AZ,,
1997,NM,,
1997,AR,,
1997,TN,,
1997,CA,,
1997,CO,,
1997,MN,,
1997,NY,,
1997,CT,,
1997,DE,,
1997,DC,,
1997,VA,,
1997,FL,,
1997,GA,,
1997,MI,,
1997,HI,,
1997,ID,,
1997,IN,,
1997,IA,,
1997,KS,,
1997,MO,,
1997,KY,,
1997,LA,,
1997,ME,,
1997,MD,,
1997,MA,,
1997,MS,,
1997,MT,,
1997,NE,,
1997,NV,,
1997,NH,,
1997,NJ,,
1997,NC,,
1997,ND,,
1997,OH,,
1997,WV,,
1997,OK,,
1997,OR,,
1997,PA,,
1997,RI,,
1997,SC,,
1997,SD,,
1997,TX,,
1997,UT,,
1997,VT,,
1997,WI,,
1997,WY,,
1997,AS,,
1997,GU,,
1997,MP,,
1997,PR,,
1997,FM,,
1997,PW,,
1997,VI,,
1997,MH,,
1998,AL,,
1998,IL,,
1998,AK,,
1998,WA,,
1998,AZ,,
1998,NM,,
1998,AR,,
1998,TN,,
1998,CA,,
1998,CO,,
1998,MN,,
1998,NY,,
1998,CT,,
1998,DE,,
1998,DC,,
1998,VA,,
1998,FL,,
1998,GA,,
1998,MI,,
1998,HI,,
1998,ID,,
1998,IN,,
1998,IA,,
1998,KS,,
1998,MO,,
1998,KY,,
1998,LA,,
1998,ME,,
1998,MD,,
1998,MA,,
1998,MS,,
1998,MT,,
1998,NE,,
1998,NV,,
1998,NH,,
1998,NJ,,
1998,NC,,
1998,ND,,
1998,OH,,
1998,WV,,
1998,OK,,
1998,OR,,
1998,PA,,
1998,RI,,
1998,SC,,
1998,SD,,
1998,TX,,
1998,UT,,
1998,VT,,
1998,WI,,
1998,WY,,
1998,AS,,
1998,GU,,
1998,MP,,
1998,PR,,
1998,FM,,
1998,PW,,
1998,VI,,
1998,MH,,
1999,AL,,
1999,IL,,
1999,AK,,
1999,WA,,
1999,AZ,,
1999,NM,,
1999,AR,,
1999,TN,,
1999,CA,,
1999,MN,,
1999,NY,,
1999,CO,,
1999,CT,,
1999,DE,,
1999,DC,,
1999,VA,,
1999,FL,,
1999,GA,,
1999,MI,,
1999,HI,,
1999,ID,,
1999,IN,,
1999,IA,,
1999,KS,,
1999,MO,,
1999,KY,,
1999,LA,,
1999,ME,,
1999,MD,,
1999,MA,,
1999,MS,,
1999,MT,,
1999,NE,,
1999,NV,,
1999,NH,,
1999,NJ,,
1999,NC,,
1999,ND,,
1999,OH,,
1999,WV,,
1999,OK,,
1999,OR,,
1999,PA,,
1999,RI,,
1999,SC,,
1999,SD,,
1999,TX,,
1999,UT,,
1999,VT,,
1999,WI,,
1999,WY,,
1999,AS,,
1999,GU,,
1999,MP,,
1999,PR,,
1999,FM,,
1999,PW,,
1999,VI,,
1999,MH,,
2000,AL,,
2000,IL,,
2000,AK,,
2000,WA,,
2000,AZ,,
2000,NM,,
2000,AR,,
2000,TN,,
2000,CA,,
2000,MN,,
2000,NY,,
2000,CO,,
2000,CT,,
2000,DE,,
2000,DC,,
2000,VA,,
2000,FL,,
2000,GA,,
2000,MI,,
2000,HI,,
2000,ID,,
2000,IN,,
2000,IA,,
2000,KS,,
2000,MO,,
2000,KY,,
2000,LA,,
2000,ME,,
2000,MD,,
2000,MA,,
2000,MS,,
2000,MT,,
2000,NE,,
2000,NV,,
2000,NH,,
2000,NJ,,
2000,NC,,
2000,ND,,
2000,OH,,
2000,WV,,
2000,OK,,
2000,OR,,
2000,PA,,
2000,RI,,
2000,SC,,
2000,SD,,
2000,TX,,
2000,UT,,
2000,VT,,
2000,WI,,
2000,WY,,
2000,AS,,
2000,GU,,
2000,MP,,
2000,PR,,
2000,FM,,
2000,PW,,
2000,VI,,
2000,MH,,
2001,AL,0.794096154,0.790906452
2001,IL,0.763108081,0.748600943
2001,AK,0.85206,0.869266667
2001,WA,0.820315152,0.8182675
2001,AZ,0.786837931,0.798141935
2001,NM,0.712341667,0.726816667
2001,AR,0.746689286,0.757678125
2001,TN,0.760913043,0.762360563
2001,CA,0.753650538,0.758803365
2001,MN,0.76637,0.771422222
2001,CO,0.792313514,0.800130769
2001,CT,0.641588235,0.649389189
2001,NY,0.67491934,0.676214286
2001,DE,0.667457143,0.649157143
2001,DC,0.6208,0.6004125
2001,VA,0.703722222,0.696589855
2001,FL,0.798534343,0.791109346
2001,GA,0.68621194,0.696636986
2001,MI,0.722395385,0.726712121
2001,HI,0.59615,0.611133333
2001,ID,0.80469,0.80446
2001,IN,0.80004058,0.787519718
2001,IA,0.75777907,0.771874468
2001,KS,0.817439286,0.822516667
2001,MO,0.722113253,0.705847312
2001,KY,0.749178125,0.748447059
2001,LA,0.84909375,0.836645714
2001,ME,0.678395455,0.660604348
2001,MD,0.655903333,0.647925
2001,MA,0.648581395,0.651686364
2001,MS,0.606288889,0.62993
2001,MT,0.828544444,0.855736364
2001,NE,0.757108,0.765664
2001,NV,0.89278,0.89028
2001,NH,0.655694118,0.699410526
2001,NJ,0.659641667,0.680403846
2001,NC,0.736177419,0.736533333
2001,ND,0.680671429,0.680671429
2001,OH,0.744964948,0.757227869
2001,WV,0.793621875,0.787224242
2001,OK,0.772165385,0.774985185
2001,OR,0.795652941,0.794051429
2001,PA,0.73692029,0.714722523
2001,RI,0.59893,0.624809091
2001,SC,0.722752381,0.721838095
2001,SD,0.679271429,0.678014286
2001,TX,0.798906034,0.793490164
2001,UT,0.858311111,0.84499
2001,VT,0.750585,0.7512
2001,WI,0.817987755,0.811731373
2001,WY,0.98455,0.98455
2001,AS,,
2001,GU,,
2001,MP,,
2001,PR,0.764358182,0.760653846
2001,FM,0.89815,0.8743
2001,PW,,
2001,VI,0.979933333,0.977466667
2001,MH,1,1
2002,AL,0.757651429,0.732
2002,IL,0.750547826,0.740473554
2002,AK,0.8717,0.87098
2002,WA,0.778887755,0.772483929
2002,AZ,0.781458065,0.762284848
2002,NM,0.660241667,0.7086
2002,AR,0.776760714,0.775170968
2002,TN,0.753731429,0.751815278
2002,CA,0.703294239,0.707848047
2002,MN,0.783624,0.78470566
2002,CO,0.789179487,0.7706
2002,CT,0.644856818,0.6447
2002,NY,0.688559701,0.693121223
2002,DE,0.645214286,0.6624625
2002,DC,0.601422222,0.5978
2002,VA,0.677555714,0.685088
2002,FL,0.753763934,0.740526923
2002,GA,0.688819481,0.697888462
2002,MI,0.700732468,0.693825641
2002,HI,0.6951125,0.6693375
2002,ID,0.84301,0.84223
2002,IN,0.763393151,0.748883784
2002,IA,0.77736875,0.782055102
2002,KS,0.73652963,0.741213793
2002,MO,0.682525287,0.676952577
2002,KY,0.723877143,0.719202632
2002,LA,0.781264706,0.766319444
2002,ME,0.659745833,0.637058333
2002,MD,0.663052632,0.661884615
2002,MA,0.624937113,0.625730612
2002,MS,0.600942105,0.626533333
2002,MT,0.806636364,0.831676923
2002,NE,0.74,0.723912
2002,NV,0.8653,0.8366
2002,NH,0.7148875,0.727634615
2002,NJ,0.714817188,0.691966667
2002,NC,0.714,0.713014286
2002,ND,0.7436,0.7436
2002,OH,0.7271875,0.739221014
2002,WV,0.795283871,0.775260606
2002,OK,0.846921875,0.838891176
2002,OR,0.766865714,0.763235135
2002,PA,0.70780708,0.690372917
2002,RI,0.566654545,0.58685
2002,SC,0.704902273,0.703136364
2002,SD,0.798182353,0.794123529
2002,TX,0.754452381,0.758905263
2002,UT,0.886188889,0.856677778
2002,VT,0.683943478,0.697
2002,WI,0.770366,0.761825
2002,WY,0.98275,0.98275
2002,AS,,
2002,GU,0.6818,0.6818
2002,MP,,
2002,PR,0.717587692,0.700340278
2002,FM,0.848375,0.4959
2002,PW,,
2002,VI,0.6615,0.6745
2002,MH,,
2003,AL,0.730670588,0.702375676
2003,IL,0.741982456,0.738334746
2003,AK,0.80584,0.75982
2003,WA,0.781277551,0.781505263
2003,AZ,0.769627273,0.752845714
2003,NM,0.655776923,0.723179167
2003,AR,0.7487625,0.741185185
2003,TN,0.738540278,0.73697027
2003,CA,0.764019592,0.760734351
2003,MN,0.775465306,0.780671698
2003,CO,0.788325641,0.76757381
2003,CT,0.638651163,0.62417907
2003,NY,0.673226119,0.670281522
2003,DE,0.64975,0.6584625
2003,DC,0.595288889,0.591111111
2003,VA,0.649173239,0.662226316
2003,FL,0.747973016,0.74497594
2003,GA,0.659359494,0.660624691
2003,MI,0.702270513,0.701462821
2003,HI,0.716971429,0.698385714
2003,ID,0.832454545,0.848233333
2003,IN,0.792604225,0.788158108
2003,IA,0.766258,0.758815686
2003,KS,0.808,0.79411
2003,MO,0.7185,0.719601053
2003,KY,0.730802941,0.719362162
2003,LA,0.7761,0.775518919
2003,ME,0.639041667,0.606533333
2003,MD,0.658423077,0.6628025
2003,MA,0.608970408,0.606590909
2003,MS,0.625968421,0.645019048
2003,MT,0.838222222,0.861954545
2003,NE,0.717380769,0.721565385
2003,NV,0.838611111,0.83093
2003,NH,0.71955,0.73375
2003,NJ,0.71654375,0.714327273
2003,NC,0.730986957,0.731531429
2003,ND,0.8262,0.8262
2003,OH,0.709305405,0.723314493
2003,WV,0.778546667,0.755946875
2003,OK,0.80455625,0.799193939
2003,OR,0.793244444,0.78934359
2003,PA,0.695882609,0.686910373
2003,RI,0.658041667,0.666892308
2003,SC,0.721459091,0.722454545
2003,SD,0.72763125,0.7281875
2003,TX,0.756662044,0.757272857
2003,UT,0.8468,0.844831579
2003,VT,0.678034783,0.683916667
2003,WI,0.754084,0.743986538
2003,WY,0.97545,0.97545
2003,AS,,
2003,GU,0.8182,0.8182
2003,MP,,
2003,PR,0.718941791,0.701770667
2003,FM,1,1
2003,PW,,
2003,VI,0.6408,0.6408
2003,MH,0.8415,0.8415
2004,AL,0.722555882,0.708928205
2004,IL,0.706749091,0.706362832
2004,AK,0.82725,0.82244
2004,WA,0.755470833,0.76512931
2004,AZ,0.758203226,0.765921875
2004,NM,0.686133333,0.721591304
2004,AR,0.708669565,0.7112
2004,TN,0.731877941,0.722587324
2004,CA,0.712761778,0.7152028
2004,MN,0.782575,0.783176786
2004,CO,0.771784615,0.732846667
2004,CT,0.577385,0.579463415
2004,NY,0.685539394,0.679435055
2004,DE,0.6337375,0.6531125
2004,DC,0.622633333,0.616355556
2004,VA,0.656913235,0.666947297
2004,FL,0.726742105,0.744326866
2004,GA,0.656153012,0.645031395
2004,MI,0.655750649,0.655605128
2004,HI,0.663416667,0.631942857
2004,ID,0.86257,0.866854545
2004,IN,0.735367143,0.721110959
2004,IA,0.743815217,0.74533913
2004,KS,0.746133333,0.748823333
2004,MO,0.673566667,0.673703529
2004,KY,0.687875,0.707280556
2004,LA,0.797287879,0.780847222
2004,ME,0.666530435,0.645791304
2004,MD,0.644075758,0.651342857
2004,MA,0.619164894,0.621085263
2004,MS,0.656263158,0.670252381
2004,MT,0.78014,0.81285
2004,NE,0.740816,0.74142
2004,NV,0.840042857,0.8043125
2004,NH,0.702365217,0.70908
2004,NJ,0.701972881,0.70298871
2004,NC,0.702638571,0.703316667
2004,ND,0.859355556,0.859355556
2004,OH,0.697048673,0.724475177
2004,WV,0.767664516,0.760313889
2004,OK,0.764190625,0.759851429
2004,OR,0.792516667,0.796833333
2004,PA,0.674029778,0.667067364
2004,RI,0.709769231,0.714264286
2004,SC,0.734886364,0.741913333
2004,SD,0.690464706,0.67415
2004,TX,0.732131061,0.730326812
2004,UT,0.81672,0.800222222
2004,VT,0.674114286,0.687941667
2004,WI,0.751423529,0.740475472
2004,WY,0.9742,0.879666667
2004,AS,,
2004,GU,0.7647,0.7647
2004,MP,,
2004,PR,0.751674627,0.733586667
2004,FM,0.931375,0.8503
2004,PW,,
2004,VI,,
2004,MH,0.8929,0.8929
2005,AL,0.710527273,0.710721951
2005,IL,0.726365766,0.721990435
2005,AK,0.812775,0.7992
2005,WA,0.757925,0.768575
2005,AZ,0.78312,0.801648571
2005,NM,0.715072727,0.756769565
2005,AR,0.750403846,0.745942857
2005,TN,0.722457971,0.710790278
2005,CA,0.692042437,0.699939179
2005,MN,0.78095614,0.763476271
2005,CO,0.77622,0.744735556
2005,CT,0.647868293,0.65357907
2005,NY,0.666349064,0.654463636
2005,DE,0.655728571,0.6757125
2005,DC,0.601811111,0.601411111
2005,VA,0.664198438,0.667750704
2005,FL,0.696831933,0.705077931
2005,GA,0.636062651,0.632059091
2005,MI,0.677457692,0.682306329
2005,HI,0.681585714,0.6414375
2005,ID,0.819833333,0.853281818
2005,IN,0.768893056,0.759613514
2005,IA,0.761691111,0.760395556
2005,KS,0.713148276,0.702420588
2005,MO,0.710790361,0.7074
2005,KY,0.732320588,0.736513889
2005,LA,0.706839286,0.6943
2005,ME,0.61476087,0.592043478
2005,MD,0.605557143,0.630710811
2005,MA,0.630839796,0.62579798
2005,MS,0.684333333,0.697865
2005,MT,0.738688889,0.76082
2005,NE,0.772284,0.767476923
2005,NV,0.795922222,0.84112
2005,NH,0.707970833,0.715884615
2005,NJ,0.704736364,0.689758571
2005,NC,0.700942029,0.707472857
2005,ND,0.8201375,0.8201375
2005,OH,0.696705357,0.718408759
2005,WV,0.730714286,0.71243125
2005,OK,0.782244444,0.784655263
2005,OR,0.764552632,0.764739024
2005,PA,0.688912121,0.675606612
2005,RI,0.662176923,0.669235714
2005,SC,0.754293333,0.749253191
2005,SD,0.717552941,0.697455556
2005,TX,0.716506452,0.704815504
2005,UT,0.88218,0.89858
2005,VT,0.667573684,0.684518182
2005,WI,0.770144898,0.755513462
2005,WY,0.97725,0.97725
2005,AS,,
2005,GU,0.425,0.425
2005,MP,,
2005,PR,0.688733846,0.663860274
2005,FM,0.4558,0.4558
2005,PW,,
2005,VI,,
2005,MH,1,1
2006,AL,0.749791176,0.753785714
2006,IL,0.719496429,0.723028448
2006,AK,0.804,0.7738
2006,WA,0.760274,0.760266102
2006,AZ,0.752616667,0.750234286
2006,NM,0.693754545,0.728040909
2006,AR,0.740955556,0.7442
2006,CA,0.702836179,0.718938321
2006,MN,0.780622414,0.778752459
2006,CO,0.737014634,0.731519565
2006,CT,0.632168421,0.654080952
2006,NY,0.657752015,0.653741786
2006,DE,0.6836375,0.689422222
2006,DC,0.598177778,0.589933333
2006,VA,0.642346269,0.650273973
2006,FL,0.707235345,0.736876224
2006,GA,0.63712125,0.637633333
2006,MI,0.648806494,0.689373333
2006,HI,0.761111111,0.744666667
2006,ID,0.81564,0.830509091
2006,IN,0.74879863,0.752982278
2006,TN,0.715782192,0.707981579
2006,IA,0.733842222,0.761342857
2006,KS,0.735736667,0.728929412
2006,MO,0.673637778,0.680324742
2006,KY,0.665772727,0.6682
2006,LA,0.69865,0.69955
2006,ME,0.672821739,0.673773913
2006,MD,0.648630556,0.658162162
2006,MA,0.612808163,0.613186139
2006,MS,0.670563158,0.68192381
2006,MT,0.7435,0.76877
2006,NE,0.7540125,0.774814286
2006,NV,0.6886,0.68827
2006,NH,0.774345833,0.769128
2006,NJ,0.729397183,0.728946154
2006,NC,0.676704225,0.676667606
2006,ND,0.866566667,0.866566667
2006,OH,0.703648718,0.720808108
2006,WV,0.773509677,0.754336364
2006,OK,0.761738095,0.772277273
2006,OR,0.749788889,0.74825
2006,PA,0.689542672,0.674499588
2006,RI,0.616336364,0.618038462
2006,SC,0.720462222,0.721033333
2006,SD,0.7712625,0.755776471
2006,TX,0.727075385,0.726218382
2006,UT,0.836258824,0.843516667
2006,VT,0.705678947,0.719418182
2006,WI,0.774885714,0.756943137
2006,WY,0.9767,0.984466667
2006,AS,,
2006,GU,0.5248,0.5248
2006,MP,,
2006,PR,0.687614516,0.658901493
2006,FM,,
2006,PW,,
2006,VI,0.7663,0.7663
2006,MH,0.3713,0.3713
2007,AL,0.694485294,0.68055814
2007,IL,0.725880702,0.723364706
2007,AK,0.81436,0.77236
2007,WA,0.71063125,0.718163636
2007,AZ,0.778190625,0.782568421
2007,NM,0.6769,0.7241375
2007,AR,0.692584615,0.703471429
2007,CA,0.682017778,0.708530116
2007,MN,0.750144068,0.761490323
2007,CO,0.738935556,0.733798039
2007,CT,0.58932,0.5960175
2007,NY,0.650788213,0.646181022
2007,DE,0.634142857,0.647975
2007,DC,0.638088889,0.615622222
2007,VA,0.676810145,0.675083784
2007,FL,0.676555372,0.669324342
2007,GA,0.6052375,0.612507955
2007,HI,0.7315625,0.7336
2007,ID,0.7648,0.7967
2007,IN,0.747015789,0.743223171
2007,TN,0.711077778,0.702247126
2007,MI,0.660560274,0.702293258
2007,IA,0.703951111,0.703437778
2007,KS,0.749115152,0.736844444
2007,MO,0.698282955,0.6957
2007,KY,0.683186111,0.7112825
2007,LA,0.647084375,0.656838235
2007,ME,0.647238095,0.64892381
2007,MD,0.635205,0.623502439
2007,MA,0.563375556,0.57411383
2007,MS,0.61328,0.639004545
2007,MT,0.860822222,0.877036364
2007,NE,0.716191667,0.717980769
2007,NV,0.712672727,0.757823077
2007,NH,0.725547368,0.72387619
2007,NJ,0.691255224,0.69717027
2007,NC,0.668107246,0.673642029
2007,ND,0.8225,0.8225
2007,OH,0.712842623,0.72102013
2007,WV,0.6726,0.65428
2007,OK,0.708383721,0.695441304
2007,OR,0.754970588,0.760339474
2007,PA,0.690652466,0.679293191
2007,RI,0.55816,0.601033333
2007,SC,0.728325532,0.728870213
2007,SD,0.740376471,0.724277778
2007,TX,0.700264394,0.696126087
2007,UT,0.791243478,0.808896154
2007,VT,0.716015789,0.725636364
2007,WI,0.766372549,0.746425926
2007,WY,0.98125,0.9875
2007,AS,,
2007,GU,0.8232,0.8232
2007,MP,,
2007,PR,0.707087931,0.682647619
2007,FM,,
2007,PW,,
2007,VI,0.8028,0.8028
2007,MH,0.5206,0.5206
2008,AL,0.667674286,0.631111628
2008,IL,0.681427273,0.685170536
2008,AK,0.755225,0.74006
2008,WA,0.745784,0.746721818
2008,AZ,0.745913333,0.77118
2008,NM,0.663841667,0.674043478
2008,AR,0.739634615,0.743132143
2008,CA,0.699072174,0.717032432
2008,MN,0.73989322,0.746533871
2008,CO,0.697278261,0.685559184
2008,CT,0.613515152,0.623986111
2008,NY,0.644256641,0.632992884
2008,DE,0.684683333,0.681571429
2008,DC,0.58952,0.58952
2008,VA,0.63774,0.649985507
2008,FL,0.657064754,0.638512583
2008,GA,0.616118182,0.625677381
2008,HI,0.671266667,0.689088889
2008,ID,0.7633625,0.766725
2008,IN,0.759458108,0.74803375
2008,TN,0.700105063,0.69580241
2008,MI,0.654888608,0.68993913
2008,IA,0.722968182,0.722220455
2008,KS,0.703381818,0.700936842
2008,MO,0.682573333,0.705517978
2008,KY,0.626967742,0.637845455
2008,LA,0.637232353,0.649580556
2008,ME,0.600359091,0.605027273
2008,MD,0.62895,0.629531707
2008,MA,0.570294505,0.581429787
2008,MS,0.640794444,0.66847
2008,MT,0.810425,0.831233333
2008,NE,0.725578261,0.725504
2008,NV,0.78249,0.803972727
2008,NH,0.700823529,0.693455556
2008,NJ,0.70352,0.692535211
2008,NC,0.618724,0.622325333
2008,ND,0.765716667,0.765716667
2008,OH,0.698323704,0.704180838
2008,WV,0.670407143,0.646027586
2008,OK,0.780308108,0.785604762
2008,OR,0.772567647,0.770702632
2008,PA,0.658502817,0.640970536
2008,RI,0.57059,0.606858333
2008,SC,0.649997826,0.652991489
2008,SD,0.767747059,0.750544444
2008,TX,0.670618254,0.670946565
2008,UT,0.8012,0.7803
2008,VT,0.713033333,0.722486364
2008,WI,0.762698,0.760673585
2008,WY,0.9566,0.9566
2008,AS,,
2008,GU,0.8281,0.8281
2008,MP,,
2008,PR,0.653093333,0.641176119
2008,FM,,
2008,PW,,
2008,VI,0.6656,0.6656
2008,MH,0.2937,0.2937
2009,AL,0.691916216,0.694307143
2009,IL,0.712226,0.718631683
2009,AK,0.610625,0.63346
2009,WA,0.740911111,0.742534
2009,AZ,0.733551613,0.757833333
2009,NM,0.73424,0.768
2009,AR,0.70244,0.708
2009,CA,0.698972052,0.709856863
2009,MN,0.748471875,0.750438462
2009,CO,0.694811905,0.675948889
2009,CT,0.637139394,0.647886111
2009,NY,0.644720482,0.640973946
2009,DE,0.6521,0.659128571
2009,DC,0.559677778,0.559677778
2009,VA,0.628734375,0.626865714
2009,FL,0.692347009,0.699386486
2009,GA,0.597705882,0.608014865
2009,HI,0.7022875,0.7022875
2009,ID,0.86721,0.87841
2009,IN,0.73725,0.716160494
2009,TN,0.686550667,0.691617722
2009,MI,0.661285366,0.677538947
2009,IA,0.732741463,0.732953659
2009,KS,0.722919355,0.72038
2009,MO,0.7106925,0.709117442
2009,KY,0.637997059,0.615797143
2009,LA,0.65216,0.662139474
2009,ME,0.636604545,0.622054545
2009,MD,0.664074359,0.673178049
2009,MA,0.57292043,0.578082292
2009,MS,0.59336,0.633604545
2009,MT,0.805033333,0.831990909
2009,NE,0.671990909,0.6766625
2009,NV,0.734071429,0.740666667
2009,NH,0.722123529,0.722822222
2009,NJ,0.694827419,0.696116667
2009,NC,0.633809877,0.631630864
2009,ND,0.783983333,0.783983333
2009,OH,0.707042336,0.716444311
2009,WV,0.722403448,0.71785
2009,OK,0.779360526,0.788267442
2009,OR,0.773814706,0.764875676
2009,PA,0.667171078,0.654885648
2009,RI,0.609563636,0.614707692
2009,SC,0.685116667,0.692465306
2009,SD,0.775564706,0.762794444
2009,TX,0.705849242,0.705561806
2009,UT,0.762786957,0.768551852
2009,VT,0.731361111,0.752719048
2009,WI,0.746878,0.744366667
2009,WY,0.9596,0.9596
2009,AS,,
2009,GU,0.6944,0.6944
2009,MP,,
2009,PR,0.675433333,0.660046154
2009,FM,,
2009,PW,,
2009,VI,0.6844,0.6844
2009,MH,0.6394,0.6394
2010,AL,0.65903125,0.664905128
2010,IL,0.67874881,0.683803409
2010,AK,0.33285,0.33285
2010,WA,0.674087097,0.69312
2010,AZ,0.726278261,0.732612
2010,NM,0.659133333,0.703531579
2010,AR,0.684077273,0.684658333
2010,CA,0.63355082,0.629741026
2010,MN,0.726480851,0.779396875
2010,CO,0.687561765,0.676933333
2010,CT,0.585822857,0.575611111
2010,NY,0.632904,0.634989593
2010,DE,0.58952,0.608116667
2010,DC,0.5433,0.5433
2010,VA,0.620968254,0.620908451
2010,FL,0.6185,0.642268595
2010,GA,0.602129032,0.613372464
2010,HI,0.6980125,0.6933
2010,ID,0.7910625,0.7937875
2010,IN,0.665113433,0.673708571
2010,TN,0.666452239,0.668551389
2010,MI,0.634484314,0.697988235
2010,IA,0.662355,0.6613475
2010,KS,0.762282143,0.771693939
2010,MO,0.678155385,0.683672603
2010,KY,0.6024375,0.58899697
2010,LA,0.582566667,0.558564516
2010,ME,0.667238095,0.636590476
2010,MD,0.59085,0.619133333
2010,MA,0.567818824,0.573685057
2010,MS,0.554172222,0.603114286
2010,MT,0.806055556,0.831463636
2010,NE,0.679552632,0.690604545
2010,NV,0.734245455,0.7201
2010,NH,0.697366667,0.704746154
2010,NJ,0.662856522,0.65698913
2010,NC,0.599370833,0.605489189
2010,ND,0.823975,0.813811111
2010,OH,0.686222549,0.696300763
2010,WV,0.647132,0.667325926
2010,OK,0.687752941,0.688856757
2010,OR,0.741448571,0.740463158
2010,PA,0.643394578,0.620817816
2010,RI,0.615788889,0.637427273
2010,SC,0.655602273,0.661241304
2010,SD,0.818369231,0.831342857
2010,TX,0.630962245,0.650768807
2010,UT,0.761686667,0.792983333
2010,VT,0.750277778,0.757294737
2010,WI,0.7637,0.768040678
2010,WY,0.959,0.959
2010,AS,,
2010,GU,0.7273,0.7273
2010,MP,,
2010,PR,0.678594231,0.677510169
2010,FM,,
2010,PW,,
2010,VI,0.9292,0.9292
2010,MH,0.5734,0.5734
2011,AL,0.694635294,0.69532093
2011,IL,0.6574,0.661067416
2011,AK,0.34575,0.34575
2011,WA,0.725327778,0.713020455
2011,AZ,0.772427273,0.749317857
2011,NM,0.744477778,0.724695
2011,AR,0.681054167,0.684453846
2011,CA,0.659398429,0.65427032
2011,MN,0.707337778,0.713009434
2011,CO,0.71775,0.715515385
2011,CT,0.63761,0.622422581
2011,NY,0.631563507,0.633534842
2011,DE,0.52222,0.552016667
2011,DC,0.497588889,0.497588889
2011,VA,0.656407576,0.652235211
2011,FL,0.658767416,0.710588095
2011,GA,0.644232308,0.649126027
2011,HI,0.69908,0.659254545
2011,ID,0.822533333,0.81043
2011,IN,0.71499697,0.710731507
2011,TN,0.685130645,0.687140909
2011,MI,0.687210714,0.699386842
2011,IA,0.658248649,0.650228947
2011,KS,0.753832143,0.79091875
2011,MO,0.698865625,0.6889625
2011,KY,0.663754545,0.655994595
2011,LA,0.637564516,0.628893939
2011,ME,0.68052381,0.68052381
2011,MD,0.636915625,0.641671429
2011,MA,0.58160119,0.582790698
2011,MS,0.556438889,0.589861905
2011,MT,0.787166667,0.814427273
2011,NE,0.65071,0.661363636
2011,NV,0.805254545,0.801163636
2011,NH,0.695638462,0.699128571
2011,NJ,0.702213462,0.700664815
2011,NC,0.603697059,0.607824638
2011,ND,0.732625,0.729622222
2011,OH,0.725234951,0.729954478
2011,WV,0.641725,0.66802
2011,OK,0.706613333,0.707405882
2011,OR,0.711147059,0.722883784
2011,PA,0.677385955,0.657260106
2011,RI,0.65192,0.677538462
2011,SC,0.665074419,0.682165306
2011,SD,0.817766667,0.817766667
2011,TX,0.656802804,0.657884746
2011,UT,0.763027273,0.708416667
2011,VT,0.7732,0.778431579
2011,WI,0.766129167,0.754658824
2011,WY,0.9539,0.9539
2011,AS,,
2011,GU,0.7143,0.7143
2011,MP,,
2011,PR,0.684402,0.677708772
2011,FM,,
2011,PW,,
2011,VI,0.9535,0.9535
2011,MH,0.7832,0.7832
2012,AL,0.703461765,0.702740426
2012,IL,0.660056818,0.664798925
2012,AK,0.6034,0.6034
2012,WA,0.710996774,0.694776316
2012,AZ,0.819295455,0.767453571
2012,NM,0.757066667,0.72905
2012,AR,0.691031818,0.695216667
2012,CA,0.692607937,0.684188636
2012,MN,0.707237209,0.717839216
2012,CO,0.74926,0.744532432
2012,CT,0.574957143,0.56327931
2012,NY,0.635709953,0.634247964
2012,DE,0.55918,0.576483333
2012,DC,0.535022222,0.535022222
2012,VA,0.658737879,0.659273529
2012,FL,0.648540476,0.723707438
2012,GA,0.626014925,0.627875325
2012,HI,0.68961,0.663745455
2012,ID,0.82546,0.811990909
2012,IN,0.705770175,0.734194805
2012,TN,0.656501695,0.660678462
2012,MI,0.716213793,0.704979487
2012,IA,0.66475,0.661583784
2012,KS,0.745482143,0.77258125
2012,MO,0.67981129,0.676676812
2012,KY,0.6685125,0.669138889
2012,LA,0.638803226,0.639002941
2012,ME,0.641504762,0.641504762
2012,MD,0.62479375,0.621108824
2012,MA,0.580349412,0.586508791
2012,MS,0.521325,0.56604
2012,MT,0.801444444,0.822281818
2012,NE,0.707345,0.706718182
2012,NV,0.82727,0.78826
2012,NH,0.690930769,0.701007143
2012,NJ,0.654273077,0.641715094
2012,NC,0.603095588,0.59852029
2012,ND,0.7164625,0.724244444
2012,OH,0.706438776,0.709925191
2012,WV,0.609733333,0.6363
2012,OK,0.69997931,0.724891429
2012,OR,0.72649697,0.727251351
2012,PA,0.658388506,0.637037766
2012,RI,0.64002,0.665130769
2012,SC,0.691169767,0.68338
2012,SD,0.790066667,0.790066667
2012,TX,0.699283333,0.702102459
2012,UT,0.712277778,0.729863636
2012,VT,0.777761111,0.778152632
2012,WI,0.76202,0.764698113
2012,WY,0.9601,0.9601
2012,AS,,
2012,GU,0.8214,0.8214
2012,MP,,
2012,PR,0.704039623,0.696031148
2012,FM,,
2012,PW,,
2012,VI,0.9618,0.9618
2012,MH,0.675,0.675
2013,AL,0.719051613,0.742310256
2013,IL,0.669450617,0.673591765
2013,AK,0.43165,0.43165
2013,WA,0.798577419,0.768245946
2013,AZ,0.820463636,0.8223
2013,NM,0.7496,0.743905
2013,AR,0.659672727,0.661565217
2013,CA,0.686362424,0.671173481
2013,MN,0.682645238,0.698055102
2013,CO,0.743914286,0.747117241
2013,CT,0.593246429,0.592734483
2013,NY,0.662164423,0.657024885
2013,DE,0.55842,0.57745
2013,DC,0.4695,0.4695
2013,VA,0.679167742,0.693309859
2013,FL,0.645989157,0.727878448
2013,GA,0.611258333,0.633262687
2013,HI,0.745444444,0.672322222
2013,ID,0.85146,0.86508
2013,IN,0.704440351,0.758639706
2013,TN,0.691685965,0.698227419
2013,MI,0.721335714,0.747905797
2013,IA,0.681141667,0.681518919
2013,KS,0.713618519,0.748620588
2013,MO,0.711837288,0.7037
2013,KY,0.694927273,0.706075758
2013,LA,0.665233333,0.663436364
2013,ME,0.671947619,0.671947619
2013,MD,0.626922581,0.63143125
2013,MA,0.60376,0.606173913
2013,MS,0.596911765,0.651242857
2013,MT,0.804244444,0.824509091
2013,NE,0.636355,0.642431818
2013,NV,0.89149,0.86367
2013,NH,0.691792308,0.701842857
2013,NJ,0.709141509,0.705
2013,NC,0.597542029,0.611640789
2013,ND,0.707225,0.7106
2013,OH,0.700938298,0.71988
2013,WV,0.6286625,0.645196
2013,OK,0.691386207,0.712512903
2013,OR,0.6923625,0.711155556
2013,PA,0.696644509,0.672375806
2013,RI,0.667954545,0.693778571
2013,SC,0.684119048,0.715513725
2013,SD,0.822818182,0.822818182
2013,TX,0.70329902,0.710775
2013,UT,0.766244444,0.75558
2013,VT,0.790105556,0.788447368
2013,WI,0.755246809,0.76087451
2013,WY,0.9569,0.9569
2013,AS,,
2013,GU,0.8929,0.8929
2013,MP,,
2013,PR,0.688243478,0.689232075
2013,FM,,
2013,PW,,
2013,VI,0.9782,0.9782
2013,MH,0.7367,0.7367
2014,AL,0.708680645,0.716336111
2014,IL,0.6829375,0.682932099
2014,AK,0.4207,0.4207
2014,WA,0.800293548,0.772408108
2014,AZ,0.8037375,0.79894
2014,NM,0.71091,0.653245
2014,AR,0.705981818,0.70563913
2014,CA,0.686032484,0.674345665
2014,MN,0.709714634,0.714966667
2014,CO,0.758157143,0.760167857
2014,CT,0.562266667,0.540696
2014,NY,0.665958685,0.669144
2014,DE,0.5354,0.554516667
2014,DC,0.6068375,0.576444444
2014,VA,0.652841818,0.673480952
2014,FL,0.62392987,0.646015238
2014,GA,0.636674576,0.643954237
2014,HI,0.714311111,0.711988889
2014,ID,0.79024,0.82387
2014,IN,0.71527931,0.754718841
2014,TN,0.683664151,0.680835185
2014,MI,0.704924528,0.748519118
2014,IA,0.677332432,0.679902632
2014,KS,0.736958621,0.725847059
2014,MO,0.718311111,0.712331884
2014,KY,0.705926667,0.709666667
2014,LA,0.683924138,0.671643333
2014,ME,0.669405882,0.669405882
2014,MD,0.642615625,0.631640625
2014,MA,0.627535632,0.621284946
2014,MS,0.68655625,0.6795
2014,MT,0.826266667,0.842827273
2014,NE,0.677355,0.686327273
2014,NV,0.8503,0.824463636
2014,NH,0.748378571,0.7582
2014,NJ,0.707755769,0.703176923
2014,NC,0.625312857,0.633906757
2014,ND,0.696475,0.696475
2014,OH,0.732268085,0.736498319
2014,WV,0.667743478,0.679016667
2014,OK,0.685634483,0.703363333
2014,OR,0.755974194,0.751725714
2014,PA,0.715795322,0.692648066
2014,RI,0.655790909,0.672428571
2014,SC,0.660817073,0.660325
2014,SD,0.810281818,0.810281818
2014,TX,0.701427451,0.687274528
2014,UT,0.776218182,0.749845455
2014,VT,0.783327778,0.785047368
2014,WI,0.783023913,0.7823
2014,WY,0.9766,0.9766
2014,AS,,
2014,GU,0.625,0.625
2014,MP,,
2014,PR,0.716545833,0.694807692
2014,FM,0.9378,0.9378
2014,PW,,
2014,VI,0.9707,0.9707
2014,MH,0.8827,0.8827
2015,AL,0.671275,0.712040541
2015,IL,0.665073077,0.663564557
2015,AK,0.5788,0.5788
2015,WA,0.771034483,0.750117143
2015,AZ,0.730617391,0.692065385
2015,NM,0.6266,0.62213
2015,AR,0.695177273,0.702765217
2015,CA,0.631154194,0.628925989
2015,MN,0.674045238,0.689897674
2015,CO,0.743266667,0.739985185
2015,CT,0.577882609,0.562345833
2015,NY,0.659368224,0.663442035
2015,DE,0.58398,0.599966667
2015,DC,0.602875,0.602875
2015,VA,0.684335088,0.701683077
2015,FL,0.643939726,0.663693976
2015,GA,0.641283333,0.647441667
2015,HI,0.732277778,0.734922222
2015,ID,0.794245455,0.805627273
2015,IN,0.718651852,0.734577333
2015,TN,0.700562745,0.696126415
2015,MI,0.727218182,0.74682
2015,IA,0.68167027,0.677610811
2015,KS,0.734555556,0.714539394
2015,MO,0.70595,0.698983077
2015,KY,0.695519355,0.698306452
2015,LA,0.690933333,0.699770968
2015,ME,0.696277778,0.696277778
2015,MD,0.620976667,0.618513333
2015,MA,0.638529762,0.627988764
2015,MS,0.7031875,0.702883333
2015,MT,0.826611111,0.839781818
2015,NE,0.72035,0.721463636
2015,NV,0.780618182,0.739745455
2015,NH,0.758542857,0.763906667
2015,NJ,0.684362264,0.671161111
2015,NC,0.6264,0.639409722
2015,ND,0.768525,0.768525
2015,OH,0.725796809,0.737029167
2015,WV,0.721925,0.729556
2015,OK,0.671396429,0.666893103
2015,OR,0.757178125,0.754148571
2015,PA,0.716730588,0.699221547
2015,RI,0.656866667,0.714778571
2015,SC,0.6701,0.669257143
2015,SD,0.775727273,0.775727273
2015,TX,0.685222,0.676214286
2015,UT,0.82653,0.81507
2015,VT,0.734894118,0.746533333
2015,WI,0.765252273,0.777431915
2015,WY,0.9566,0.9566
2015,AS,,
2015,GU,1,1
2015,MP,,
2015,PR,0.725065217,0.726852083
2015,FM,0.7291,0.7291
2015,PW,,
2015,VI,0.9497,0.9497
2015,MH,,
2016,AL,0.638853333,0.676171429
2016,IL,0.675244,0.678541772
2016,AK,0.65085,0.65085
2016,WA,0.772625,0.751233333
2016,AZ,0.676110526,0.697445833
2016,NM,0.60279,0.59818
2016,AR,0.697231579,0.697231579
2016,CA,0.611926056,0.621343396
2016,MN,0.672828947,0.669187179
2016,CO,0.721004,0.721304
2016,CT,0.553583333,0.535080769
2016,NY,0.647512381,0.650561712
2016,DE,0.61966,0.61966
2016,DC,0.5590125,0.545733333
2016,FL,0.633818182,0.646388
2016,GA,0.628630357,0.63197069
2016,HI,0.71435,0.71435
2016,ID,0.864311111,0.863966667
2016,IN,0.736679167,0.744582857
2016,MI,0.691989583,0.711108475
2016,IA,0.652278788,0.652278788
2016,KS,0.687416,0.676956667
2016,MO,0.683029032,0.688732836
2016,KY,0.715531034,0.72256129
2016,LA,0.623144,0.644448276
2016,ME,0.678405882,0.678405882
2016,MD,0.5749,0.5749
2016,MA,0.62243012,0.617946067
2016,MS,0.67084,0.694352941
2016,MT,0.7984125,0.82009
2016,NE,0.689475,0.662313636
2016,NV,0.74636,0.714736364
2016,NH,0.762371429,0.766
2016,NJ,0.647057692,0.650209434
2016,NC,0.615204688,0.617776471
2016,ND,0.750011111,0.750011111
2016,OH,0.72468046,0.727801786
2016,WV,0.738290909,0.747343478
2016,OK,0.64023913,0.642192
2016,OR,0.772896667,0.783657576
2016,PA,0.7159,0.699096532
2016,RI,0.649825,0.7175
2016,SC,0.646105882,0.653124324
2016,SD,0.821518182,0.821518182
2016,TN,0.689306667,0.691086957
2016,TX,0.649289157,0.647391954
2016,UT,0.6688,0.706744444
2016,VT,0.700576471,0.69845
2016,VA,0.659205882,0.676316667
2016,WI,0.728392683,0.720404762
2016,WY,0.9508,0.9508
2016,AS,,
2016,GU,1,1
2016,MP,,
2016,PR,0.686691304,0.686658333
2016,FM,0.7393,0.7393
2016,PW,,
2016,VI,0.9195,0.9195
2016,MH,,
2017,AL,0.679981481,0.71258125
2017,AK,0.79145,0.79145
2017,WA,0.782070833,0.770310345
2017,AZ,0.742611111,0.722781481
2017,NM,0.541877778,0.605584211
2017,AR,0.720705263,0.720705263
2017,CA,0.616593151,0.623339024
2017,MN,0.658597297,0.663557895
2017,CO,0.7430875,0.744988
2017,CT,0.647273077,0.589948148
2017,NY,0.671510476,0.674555909
2017,DE,0.6007,0.6007
2017,DC,0.5766875,0.552877778
2017,FL,0.664663235,0.670539744
2017,GA,0.610690741,0.629587273
2017,HI,0.75045,0.75045
2017,ID,0.806375,0.8185875
2017,IL,0.665873611,0.655221333
2017,IN,0.746319149,0.758573529
2017,MI,0.67622766,0.705903226
2017,IA,0.6843125,0.693878788
2017,KS,0.707476923,0.716719355
2017,MO,0.723442424,0.734482609
2017,KY,0.713731034,0.725264516
2017,LA,0.597623077,0.601593333
2017,ME,0.7095375,0.7095375
2017,MD,0.632417857,0.632417857
2017,MA,0.62613494,0.61832093
2017,MS,0.7369375,0.736847059
2017,MT,0.808222222,0.829472727
2017,NE,0.626836842,0.630345455
2017,NV,0.77862,0.753290909
2017,NH,0.795826667,0.8035
2017,NJ,0.716392157,0.715321154
2017,NC,0.62591875,0.631589706
2017,ND,0.723744444,0.723744444
2017,OH,0.708469663,0.711891304
2017,WV,0.710031818,0.716891304
2017,OK,0.726117391,0.724832
2017,OR,0.761358621,0.769671875
2017,PA,0.727252147,0.705435088
2017,RI,0.631316667,0.7149
2017,SC,0.629873529,0.638527027
2017,SD,0.835872727,0.835872727
2017,TN,0.687226667,0.687004348
2017,TX,0.652075904,0.652631034
2017,UT,0.732811111,0.762944444
2017,VT,0.745082353,0.757405556
2017,VA,0.642747059,0.666041667
2017,WI,0.703906818,0.710397826
2017,WY,0.9682,0.9682
2017,AS,,
2017,GU,1,1
2017,MP,,
2017,PR,0.714214634,0.712473469
2017,FM,0.71,0.71
2017,PW,,
2017,VI,0.9844,0.9844
2017,MH,,
2018,AL,0.680703846,0.713067742
2018,AK,0.7621,0.7621
2018,WA,0.805137037,0.784587097
2018,AZ,0.800664706,0.807896552
2018,NM,0.698322222,0.678484211
2018,AR,0.703378947,0.703378947
2018,CA,0.624925874,0.646373006
2018,MN,0.684986486,0.686968421
2018,CO,0.727415385,0.731503846
2018,CT,0.614654167,0.555576
2018,NY,0.653402941,0.651721461
2018,DE,0.61334,0.61334
2018,DC,0.544225,0.521744444
2018,FL,0.651934375,0.660612162
2018,GA,0.654825926,0.659992727
2018,HI,0.781325,0.781325
2018,ID,0.846166667,0.846088889
2018,IL,0.651791176,0.624957534
2018,IN,0.73552449,0.716166667
2018,MI,0.704397917,0.754190141
2018,IA,0.719481818,0.719481818
2018,KS,0.686034615,0.669433333
2018,MO,0.706715385,0.721846377
2018,KY,0.699223077,0.710244828
2018,LA,0.67272963,0.676042424
2018,ME,0.646088235,0.646088235
2018,MD,0.634058621,0.634058621
2018,MA,0.60183375,0.597695238
2018,MS,0.7657375,0.768788235
2018,MT,0.783377778,0.804536364
2018,NE,0.688955556,0.6924
2018,NV,0.86427,0.87034
2018,NH,0.685153333,0.68881875
2018,NJ,0.723733333,0.724971429
2018,NC,0.599541667,0.615833846
2018,ND,0.795922222,0.795922222
2018,OH,0.703304878,0.710343636
2018,WV,0.710645455,0.722282609
2018,OK,0.676127273,0.684525
2018,OR,0.803968966,0.811159375
2018,PA,0.729044512,0.711472674
2018,RI,0.60155,0.626342857
2018,SC,0.618490909,0.627125
2018,SD,0.833836364,0.833836364
2018,TN,0.71904878,0.717015556
2018,TX,0.68036988,0.682340449
2018,UT,0.774455556,0.764433333
2018,VT,0.7013875,0.703016667
2018,VA,0.647468627,0.671530159
2018,WI,0.728231707,0.723065909
2018,WY,0.9603,0.9603
2018,AS,,
2018,GU,0.8,0.8
2018,MP,,
2018,PR,0.693556818,0.659436538
2018,FM,0.7635,0.7635
2018,PW,,
2018,VI,0.9778,0.9778
2018,MH,,
2019,AL,0.665948148,0.700240625
2019,AK,0.7719,0.7719
2019,WA,0.8134375,0.791410714
2019,AZ,0.772466667,0.7080375
2019,NM,0.665275,0.6912
2019,AR,0.68398,0.68712381
2019,CA,0.626311278,0.621717333
2019,MN,0.699931579,0.700092105
2019,CO,0.735151852,0.740351852
2019,CT,0.647491667,0.586244
2019,NY,0.652189573,0.651184649
2019,DE,0.676233333,0.676233333
2019,DC,0.5882875,0.537411111
2019,FL,0.661238806,0.665619737
2019,GA,0.655698182,0.664953571
2019,HI,0.7607,0.7607
2019,ID,0.828,0.828
2019,IL,0.686031884,0.680440541
2019,IN,0.715518,0.71313871
2019,MI,0.727602174,0.748505634
2019,IA,0.681969697,0.681969697
2019,KS,0.688904,0.668796667
2019,MO,0.695032258,0.694640299
2019,KY,0.707410714,0.7035
2019,LA,0.651203704,0.655015152
2019,ME,0.689688889,0.689688889
2019,MD,0.693955172,0.693955172
2019,MA,0.588466234,0.589147561
2019,MS,0.7202375,0.726452941
2019,MT,0.692825,0.73919
2019,NE,0.724466667,0.726521053
2019,NV,0.818133333,0.80134
2019,NH,0.798442857,0.796906667
2019,NJ,0.717989474,0.712152542
2019,NC,0.635145902,0.639101538
2019,ND,0.801077778,0.801077778
2019,OH,0.706939024,0.715946789
2019,WV,0.719447826,0.735758333
2019,OK,0.704105,0.713195455
2019,OR,0.788540741,0.798
2019,PA,0.72509589,0.729165896
2019,RI,0.611023077,0.660314286
2019,SC,0.664431429,0.670247368
2019,SD,0.805163636,0.805163636
2019,TN,0.72075,0.722879545
2019,TX,0.705861628,0.699493407
2019,UT,0.77665,0.801466667
2019,VT,0.716676923,0.72836
2019,VA,0.675241509,0.70279375
2019,WI,0.7426275,0.732930233
2019,WY,0.9596,0.9596
2019,AS,,
2019,GU,0.7647,0.7647
2019,MP,,
2019,PR,0.730091304,0.692103704
2019,FM,0.8011,0.8011
2019,PW,,
2019,VI,0.9836,0.9836
2019,MH,,
