YEAR,STATE,AVG_MAL_YR4,AVG_FEM_YR4
1996,AL,,
1996,IL,,
1996,AK,,
1996,WA,,
1996,AZ,,
1996,NM,,
1996,AR,,
1996,TN,,
1996,CA,,
1996,LA,,
1996,CO,,
1996,MN,,
1996,NY,,
1996,CT,,
1996,DE,,
1996,DC,,
1996,VA,,
1996,FL,,
1996,GA,,
1996,MI,,
1996,HI,,
1996,ID,,
1996,IN,,
1996,IA,,
1996,KS,,
1996,MO,,
1996,KY,,
1996,ME,,
1996,MD,,
1996,MA,,
1996,MS,,
1996,MT,,
1996,NE,,
1996,NV,,
1996,NH,,
1996,NJ,,
1996,NC,,
1996,ND,,
1996,OH,,
1996,WV,,
1996,OK,,
1996,OR,,
1996,PA,,
1996,RI,,
1996,SC,,
1996,SD,,
1996,TX,,
1996,UT,,
1996,VT,,
1996,WI,,
1996,WY,,
1996,AS,,
1996,GU,,
1996,MP,,
1996,PR,,
1996,FM,,
1996,PW,,
1996,VI,,
1996,MH,,
1997,AL,,
1997,IL,,
1997,AK,,
1997,WA,,
1997,AZ,,
1997,NM,,
1997,AR,,
1997,TN,,
1997,CA,,
1997,CO,,
1997,MN,,
1997,NY,,
1997,CT,,
1997,DE,,
1997,DC,,
1997,VA,,
1997,FL,,
1997,GA,,
1997,MI,,
1997,HI,,
1997,ID,,
1997,IN,,
1997,IA,,
1997,KS,,
1997,MO,,
1997,KY,,
1997,LA,,
1997,ME,,
1997,MD,,
1997,MA,,
1997,MS,,
1997,MT,,
1997,NE,,
1997,NV,,
1997,NH,,
1997,NJ,,
1997,NC,,
1997,ND,,
1997,OH,,
1997,WV,,
1997,OK,,
1997,OR,,
1997,PA,,
1997,RI,,
1997,SC,,
1997,SD,,
1997,TX,,
1997,UT,,
1997,VT,,
1997,WI,,
1997,WY,,
1997,AS,,
1997,GU,,
1997,MP,,
1997,PR,,
1997,FM,,
1997,PW,,
1997,VI,,
1997,MH,,
1998,AL,,
1998,IL,,
1998,AK,,
1998,WA,,
1998,AZ,,
1998,NM,,
1998,AR,,
1998,TN,,
1998,CA,,
1998,CO,,
1998,MN,,
1998,NY,,
1998,CT,,
1998,DE,,
1998,DC,,
1998,VA,,
1998,FL,,
1998,GA,,
1998,MI,,
1998,HI,,
1998,ID,,
1998,IN,,
1998,IA,,
1998,KS,,
1998,MO,,
1998,KY,,
1998,LA,,
1998,ME,,
1998,MD,,
1998,MA,,
1998,MS,,
1998,MT,,
1998,NE,,
1998,NV,,
1998,NH,,
1998,NJ,,
1998,NC,,
1998,ND,,
1998,OH,,
1998,WV,,
1998,OK,,
1998,OR,,
1998,PA,,
1998,RI,,
1998,SC,,
1998,SD,,
1998,TX,,
1998,UT,,
1998,VT,,
1998,WI,,
1998,WY,,
1998,AS,,
1998,GU,,
1998,MP,,
1998,PR,,
1998,FM,,
1998,PW,,
1998,VI,,
1998,MH,,
1999,AL,,
1999,IL,,
1999,AK,,
1999,WA,,
1999,AZ,,
1999,NM,,
1999,AR,,
1999,TN,,
1999,CA,,
1999,MN,,
1999,NY,,
1999,CO,,
1999,CT,,
1999,DE,,
1999,DC,,
1999,VA,,
1999,FL,,
1999,GA,,
1999,MI,,
1999,HI,,
1999,ID,,
1999,IN,,
1999,IA,,
1999,KS,,
1999,MO,,
1999,KY,,
1999,LA,,
1999,ME,,
1999,MD,,
1999,MA,,
1999,MS,,
1999,MT,,
1999,NE,,
1999,NV,,
1999,NH,,
1999,NJ,,
1999,NC,,
1999,ND,,
1999,OH,,
1999,WV,,
1999,OK,,
1999,OR,,
1999,PA,,
1999,RI,,
1999,SC,,
1999,SD,,
1999,TX,,
1999,UT,,
1999,VT,,
1999,WI,,
1999,WY,,
1999,AS,,
1999,GU,,
1999,MP,,
1999,PR,,
1999,FM,,
1999,PW,,
1999,VI,,
1999,MH,,
2000,AL,246.1466667,369.8933333
2000,AK,187.1428571,258.8571429
2000,WA,406.89,515.79
2000,AZ,619.4047619,671.8809524
2000,NM,675.4358974,847.5384615
2000,AR,170.559322,240.8135593
2000,TN,185.4653465,243.5247525
2000,CA,323.2324094,414.1556503
2000,NY,295.6086957,386.6637681
2000,CO,422.8205128,473.6794872
2000,CT,235.9104478,260.1343284
2000,DE,203.6923077,285.9230769
2000,DC,322.8666667,456.8
2000,VA,315.6788991,418.1743119
2000,FL,429.9348837,519.1860465
2000,GA,210.9703704,328.9925926
2000,MI,513.4296296,692.8666667
2000,HI,745.9090909,786.2727273
2000,ID,312.8333333,348.6666667
2000,IL,262.2173913,306.4076087
2000,IN,323.17,397.27
2000,IA,233.4626866,283.8358209
2000,KS,186.7761194,219.8507463
2000,MO,221.688,246.976
2000,KY,169.0588235,251.8705882
2000,LA,262.137931,355.5977011
2000,ME,130.0857143,162.1428571
2000,MD,379.7945205,465.630137
2000,MA,212.015748,248.0866142
2000,MN,276.7830189,333.490566
2000,MS,269.4878049,411.2439024
2000,MT,199.9583333,231.875
2000,NE,198.25,231.775
2000,NV,531.35,607
2000,NH,220.1666667,273.3666667
2000,NJ,278.2,338.6521739
2000,NC,146.162963,237.1703704
2000,ND,229.1052632,232.4736842
2000,OH,448.2165899,522.6682028
2000,OK,310.989011,376.2197802
2000,OR,370.0833333,451.95
2000,PA,647.3206349,594.5396825
2000,RI,391.8823529,419.9411765
2000,SC,225.2419355,312.5967742
2000,SD,197.32,227.44
2000,TX,276.3740741,388.9148148
2000,UT,581.1818182,627.1515152
2000,VT,143.8695652,172.3478261
2000,WV,156.0444444,190.0888889
2000,WI,275.5757576,333.7272727
2000,WY,287.3,231.3
2000,AS,89,112
2000,GU,94,140
2000,MP,57,84
2000,PR,532.3162393,738.6581197
2000,FM,237,229
2000,PW,33,42
2000,VI,68,144
2000,MH,49,49
2001,AL,268.1153846,403.5512821
2001,IL,287.0615385,339.0666667
2001,AK,208,292.1428571
2001,WA,474.7692308,542.0576923
2001,AZ,683.8791209,789.8351648
2001,NM,715.4651163,916.0232558
2001,AR,195.880597,290.2985075
2001,TN,187.5338983,247.6016949
2001,CA,392.2877551,477.0510204
2001,CO,482.5465116,559.2674419
2001,CT,252.7058824,278.75
2001,NY,315.1531532,390.1501502
2001,DE,219.3846154,313.3076923
2001,DC,308.8125,440.75
2001,VA,336.266129,452.3467742
2001,FL,471.0619835,577.1115702
2001,MI,597.7826087,751.9565217
2001,GA,235.4428571,351.2142857
2001,HI,961.4545455,1107.818182
2001,ID,294.2380952,328.3333333
2001,IN,346.3269231,409.8461538
2001,IA,260.8142857,290.9285714
2001,KS,212.4864865,246.3378378
2001,MO,302.4852941,342.8088235
2001,KY,190.5,280.8488372
2001,LA,264.5135135,365.4954955
2001,ME,124.3846154,162.1025641
2001,MD,460.1549296,561.6760563
2001,MA,209.0141844,251.177305
2001,MN,304.0540541,358.2522523
2001,MS,267.4081633,403.7346939
2001,MT,219.3333333,242.875
2001,NE,222.9473684,257.8947368
2001,NV,715.9473684,857.0526316
2001,NH,227.0333333,291.5333333
2001,NJ,307.6302521,374.9915966
2001,NC,170.0441176,263.125
2001,ND,223.4,235.5
2001,OH,527.5178571,589.3660714
2001,WV,150.5636364,177.9818182
2001,OK,368.5306122,443.1836735
2001,OR,450,530.5081967
2001,PA,717.858006,713.3413897
2001,RI,351.2380952,386.0952381
2001,SC,249.2258065,348.3709677
2001,SD,242.52,276.84
2001,TX,364.5791246,470.6666667
2001,UT,631.2702703,711.3783784
2001,VT,150,177.7777778
2001,WI,285.4366197,334.2253521
2001,WY,292.7,255.7
2001,AS,144,189
2001,GU,135.5,214
2001,MP,107,110
2001,PR,628.1209677,846.3870968
2001,FM,252,392
2001,PW,59,110
2001,VI,126.6666667,213.6666667
2001,MH,150,142
2002,AL,276.3037975,405.9873418
2002,IL,338.0913706,398.0659898
2002,AK,209.25,265.5
2002,WA,553.018018,606.7927928
2002,AZ,823.4137931,953.7011494
2002,NM,850.0487805,1101.365854
2002,AR,209.3088235,300.4117647
2002,TN,287.3760684,356.8632479
2002,CA,421.7838384,506.7656566
2002,MN,315.8715596,358.3486239
2002,CO,595.3411765,669.2588235
2002,CT,261.8358209,295.7910448
2002,NY,327.0725076,382.2900302
2002,DE,227.7692308,316.4615385
2002,DC,341.6,469.7333333
2002,VA,374.2519084,462.4732824
2002,FL,512.9079498,633.9623431
2002,MI,604.9520548,773.8424658
2002,GA,349.6478873,462.1478873
2002,HI,683.0952381,833.7619048
2002,ID,717.5652174,819
2002,IN,341.8623853,425.0458716
2002,IA,268.0277778,299.8194444
2002,KS,202.7820513,242.4358974
2002,MO,445.3897059,505.4191176
2002,KY,212,302.9878049
2002,LA,268.0423729,366.1186441
2002,ME,132.5789474,167.4736842
2002,MD,428.5512821,544.7820513
2002,MA,268.7762238,327.013986
2002,MS,267.26,392.42
2002,MT,226.2173913,250.6086957
2002,NE,219.7,254.125
2002,NV,850.1666667,1015
2002,NH,215.4666667,271.8
2002,NJ,353.6585366,403.9918699
2002,NC,195.4142857,301.5714286
2002,ND,209.4347826,210.6521739
2002,OH,525.4024896,579.3278008
2002,OK,379.3084112,469.3831776
2002,OR,473.0151515,561.4848485
2002,PA,719.9143731,723.7920489
2002,RI,414.8823529,471.0588235
2002,SC,247.5384615,360.6615385
2002,SD,232.5555556,263.0740741
2002,TX,397.6742671,506.7394137
2002,UT,640.125,714.025
2002,VT,132.4444444,168.1111111
2002,WV,127.9074074,156.7962963
2002,WI,425.0138889,491.3055556
2002,WY,230.1,215.3
2002,AS,134,213
2002,GU,154,280
2002,MP,129,133
2002,PR,725.3934426,980.4590164
2002,FM,550,426
2002,PW,211,162
2002,VI,91,278
2002,MH,300,113
2003,AL,277.25,458.9210526
2003,AK,174,299.25
2003,WA,660.6944444,814.1388889
2003,AZ,956.6823529,1126.588235
2003,NM,847.5853659,1183.439024
2003,AR,429.7666667,607.2166667
2003,TN,412.3414634,548.699187
2003,CA,478.5352697,600.026971
2003,MN,314.1454545,393.9909091
2003,CO,676.0238095,794.9404762
2003,CT,285.265625,343.578125
2003,NY,333.7,439.49375
2003,DE,220.1538462,367.3846154
2003,DC,328,502.8
2003,VA,492.3333333,642.9047619
2003,FL,554.3127572,744.7366255
2003,MI,620.1037037,963.9259259
2003,GA,455.3103448,623.2137931
2003,HI,806.1,1068.7
2003,ID,771.3333333,967.5416667
2003,IL,369.0271739,446.0652174
2003,IN,459.2190476,636.9238095
2003,IA,291.9402985,361.6268657
2003,KS,382.9210526,484.4078947
2003,MO,492.4253731,607.9552239
2003,KY,209.5061728,335.2839506
2003,LA,299.0458716,470.9357798
2003,ME,131.4411765,211.9117647
2003,MD,474.3055556,681.5138889
2003,MA,382.6940299,505.2985075
2003,MS,281.6530612,476.7346939
2003,MT,222.6956522,280.7826087
2003,NE,263.0789474,311.6842105
2003,NV,1184.380952,1319.571429
2003,NH,224.8965517,332.6551724
2003,NJ,412.5175439,479.7807018
2003,NC,323.3533835,474.7218045
2003,ND,244.5,255.05
2003,OH,642.5450644,837.8798283
2003,WV,167.5178571,219.9821429
2003,OK,406.7522936,549.0458716
2003,OR,598.1029412,689.6323529
2003,PA,789.1242038,836.1369427
2003,RI,410.9444444,477.0555556
2003,SC,247.359375,391.15625
2003,SD,266.56,298.96
2003,TX,433.3333333,589.3431373
2003,UT,817.7027027,933.2702703
2003,VT,140.7307692,184.4230769
2003,WI,472.1666667,637.2424242
2003,WY,300.8,281
2003,AS,159,217
2003,GU,119.6666667,225.3333333
2003,MP,70,88
2003,PR,815.0084746,1224.881356
2003,FM,570,537
2003,PW,201,288
2003,VI,90,338
2003,MH,452,304
2004,AL,307.7702703,538.5540541
2004,AK,208.375,346.125
2004,WA,722.3235294,948.5
2004,AZ,1013.255814,1266.011628
2004,NM,771.7954545,1109.340909
2004,AR,464.7321429,684.375
2004,TN,452.544,641.608
2004,CA,529.5810526,696.9431579
2004,CO,752.8765432,932.0123457
2004,CT,238.1492537,331.4776119
2004,NY,350.7532895,481.4934211
2004,DE,195.7142857,360.8571429
2004,DC,464.5333333,736.2
2004,VA,552.8852459,747.6065574
2004,FL,584.2839506,837.0823045
2004,MI,699.7251908,1204.389313
2004,GA,496.3165468,737.1942446
2004,HI,854.952381,1190.619048
2004,ID,1091.894737,1433.421053
2004,IL,413.7068966,523.3045977
2004,IN,486.6138614,727.7425743
2004,IA,342.3,433.8
2004,KS,398.3797468,524.9620253
2004,MO,538.7089552,717.5895522
2004,KY,403.9871795,618.2948718
2004,LA,347.754902,572.6176471
2004,ME,119.7777778,202.3888889
2004,MD,542.75,838.75
2004,MA,406.4253731,559.0671642
2004,MN,546.9814815,652.5925926
2004,MS,315,546.2826087
2004,MT,222.7826087,291.7391304
2004,NE,261.6666667,315.3333333
2004,NV,1042.307692,1284.192308
2004,NH,237.5185185,347.5185185
2004,NJ,554.3245614,674.2982456
2004,NC,377.7286822,567.8062016
2004,ND,259.05,266.65
2004,OH,698.4681818,952.8
2004,OK,445.1203704,622.8611111
2004,OR,691.3809524,840.0952381
2004,PA,894.1638225,945.2798635
2004,RI,418.3888889,497.7222222
2004,SC,257.078125,422.21875
2004,SD,252.9230769,308.7692308
2004,TX,443.1587302,654.3714286
2004,UT,951.3055556,1118
2004,VT,142.04,193.88
2004,WV,220.6,277.4545455
2004,WI,502.1363636,706.3787879
2004,WY,381.2222222,308
2004,AS,126,186
2004,GU,122.6666667,226.3333333
2004,MP,67,87
2004,PR,1895.113821,3091.00813
2004,FM,519,527
2004,PW,266,265
2004,VI,67,268
2004,MH,442,342
2005,AL,371.3888889,694.3333333
2005,AK,216.875,391.125
2005,WA,839.7227723,1209.831683
2005,AZ,1251.252747,1731.164835
2005,NM,954.0681818,1528.727273
2005,AR,624.1153846,1004.961538
2005,TN,592.9593496,908.902439
2005,CA,600.4211618,887.0082988
2005,MN,571.245614,731.3508772
2005,CO,1037.315789,1413.657895
2005,CT,295.9117647,407.7794118
2005,NY,410.090301,563.638796
2005,DE,236.3076923,453.3846154
2005,DC,510.8125,844.3125
2005,VA,828.7166667,1206.166667
2005,FL,731.4651163,1142.333333
2005,GA,768.2244898,1207.877551
2005,HI,1086.47619,1661.095238
2005,ID,1528.411765,2239.411765
2005,IL,520.452381,672.3392857
2005,IN,614.4947368,1032.263158
2005,MI,880.1796875,1689.078125
2005,IA,698.7666667,1006.166667
2005,KS,482.8481013,676.7088608
2005,MO,913.5725806,1286.733871
2005,KY,487.0864198,793.4444444
2005,LA,926.2653061,2026.214286
2005,ME,136.6944444,237.8055556
2005,MD,676.8484848,1130.409091
2005,MA,519.0729927,736.6423358
2005,MS,360.9361702,668.787234
2005,MT,238.4347826,306.3043478
2005,NE,331,429.1315789
2005,NV,2069.592593,2918.925926
2005,NH,311,448.2608696
2005,NJ,681.4953271,875.8971963
2005,NC,575.4626866,913.4253731
2005,ND,259.6190476,273.3333333
2005,OH,830.4414414,1194.959459
2005,OK,652.7407407,899.0740741
2005,OR,886.2,1139.05
2005,PA,1084.57554,1183.55036
2005,RI,541.8125,657.8125
2005,SC,331.3015873,543.047619
2005,SD,292.9565217,370.173913
2005,TX,651.7083333,1025.237179
2005,UT,1043.55,1367.575
2005,VT,167.625,232
2005,WV,214.8823529,299.372549
2005,WI,679.4666667,1000.933333
2005,WY,2197,3103.9
2005,AS,290,329
2005,GU,137,234.6666667
2005,MP,86,149
2005,PR,1341.365854,1893.471545
2005,FM,586,617
2005,PW,228,298
2005,VI,74,275
2005,MH,348,304
2006,AL,396.6944444,767.1527778
2006,AK,229.3333333,419
2006,WA,1018.656863,1445.431373
2006,AZ,1575.467391,2158
2006,NM,1014.133333,1743.644444
2006,AR,1042.345455,1730.890909
2006,CA,649.4276986,998.700611
2006,MN,700.1626016,881.9837398
2006,CO,1219.083333,1615.595238
2006,CT,544.25,862.6052632
2006,DE,236.7692308,449.1538462
2006,DC,591.3125,1061.375
2006,VA,979.312,1450.16
2006,FL,810.3514493,1289.891304
2006,GA,931.3910256,1435.24359
2006,MI,975.9300699,2096.461538
2006,HI,1146.590909,1894.590909
2006,ID,1910.933333,2986.266667
2006,IL,566.6719577,713.8518519
2006,IN,827.3267327,1463.118812
2006,TN,648.1269841,1060.5
2006,IA,718.0461538,1177.169231
2006,KS,540.1125,797.825
2006,MO,1041.335878,1460.664122
2006,KY,618.3,1026.742857
2006,LA,967.814433,1855.216495
2006,ME,146.6666667,244.1944444
2006,MD,718.5,1251.5
2006,MA,588.8592593,882.7407407
2006,MS,371.0212766,695.5531915
2006,MT,241.2608696,313.5217391
2006,NE,859.325,1360.775
2006,NV,2872.884615,3807.576923
2006,NH,249.4137931,376.7931034
2006,NJ,769.3596491,946.5438596
2006,NY,447.2704403,652.3710692
2006,NC,667.9124088,1086.89781
2006,ND,262.9047619,288
2006,OH,918.2025862,1351.969828
2006,OK,798.8596491,1055.640351
2006,OR,1115.344262,1336.983607
2006,PA,1137.100671,1292.946309
2006,RI,531.375,711.5
2006,SC,675.28125,1157.796875
2006,SD,344.1304348,448.1304348
2006,TX,754.0220126,1176.544025
2006,UT,1585.860465,1700.488372
2006,VT,153.0740741,204.5185185
2006,WV,215.4423077,315.1346154
2006,WI,995.8955224,1606.985075
2006,WY,2321.454545,3450.545455
2006,AS,181,214
2006,GU,146.3333333,239.6666667
2006,MP,104,181
2006,PR,1252.338462,1810.061538
2006,FM,701,581
2006,PW,304,248
2006,VI,73,282
2006,MH,444,307
2007,AL,778.1621622,1463.662162
2007,AK,275.5,465.5
2007,WA,1065.676768,1707.464646
2007,AZ,1687.064516,2588.494624
2007,NM,1217.136364,2088.886364
2007,AR,1149.413793,2019.948276
2007,CA,705.6363636,1146.561616
2007,MN,670.552,964.104
2007,CO,1298.439024,1973.487805
2007,CT,623.6538462,1015.192308
2007,DE,366.4285714,719.4285714
2007,DC,2056.705882,3734
2007,VA,1003.728,1676.256
2007,FL,848.9192982,1497.368421
2007,GA,1138.695652,1963.47205
2007,HI,1525,2788.2
2007,ID,2234.066667,3708.8
2007,IL,569.5319149,816.6170213
2007,IN,932.7156863,1687.911765
2007,TN,1033.583333,1668.090909
2007,MI,1148.582192,2253.383562
2007,IA,921.3134328,1801.865672
2007,KS,583.7777778,920.2345679
2007,MO,1164.251969,1839.653543
2007,KY,673.5492958,1177.295775
2007,LA,935.7383178,1850.457944
2007,ME,152.6388889,282.0277778
2007,MD,800.9714286,1470.157143
2007,MA,680.6541353,1092.421053
2007,MS,393.9583333,772.3958333
2007,MT,254.4347826,320.0869565
2007,NE,1104.692308,1975.128205
2007,NV,2899.692308,4633.846154
2007,NH,267.4615385,432
2007,NJ,713.2564103,1041.777778
2007,NY,425.7467949,653.150641
2007,NC,748.9708029,1279.919708
2007,ND,268.8571429,305.3809524
2007,OH,921.5144033,1448.012346
2007,OK,844.0982143,1279.741071
2007,OR,1066.295082,1501.655738
2007,PA,1196.328767,1506.184932
2007,RI,480.9444444,692.2777778
2007,SC,751.971831,1340.140845
2007,SD,395.6521739,514.173913
2007,TX,793.1818182,1327.49697
2007,UT,1481.238095,1924.309524
2007,VT,158.0769231,216.4230769
2007,WV,227.1346154,327.4615385
2007,WI,1026.773333,1757.226667
2007,WY,3025.5,4861.7
2007,AS,212,262
2007,GU,138,261
2007,MP,61,141
2007,PR,1240.813953,1861.341085
2007,FM,576,725
2007,PW,196,233
2007,VI,106,342
2007,MH,271,348
2008,AL,753.9459459,1489.202703
2008,AK,314.5714286,525.2857143
2008,WA,956.7938144,1664.886598
2008,AZ,1538.369565,2669.402174
2008,NM,1102.395349,2055.511628
2008,AR,979.4333333,1851.166667
2008,CA,675.3299389,1160.433809
2008,MN,643.424,985.752
2008,CO,1265.39759,2050.168675
2008,CT,607.7066667,1036.653333
2008,NY,436.5681063,676.9568106
2008,DE,460.6666667,918
2008,DC,1769.388889,3467.444444
2008,VA,961.1048387,1736.040323
2008,FL,858.9692833,1627.440273
2008,GA,1125.446541,2086.566038
2008,HI,1331.631579,2576.368421
2008,ID,1956.8,3458.4
2008,IL,546.9672131,833.726776
2008,IN,827.1588785,1631.82243
2008,TN,929.0218978,1623.832117
2008,MI,1117.874126,2264.335664
2008,IA,1058.532258,2249.983871
2008,KS,566.3375,934.35
2008,MO,1055.915385,1751.630769
2008,KY,823.1466667,1337.946667
2008,LA,871.2429907,1837.71028
2008,ME,150.6578947,274.2105263
2008,MD,789.0289855,1516.304348
2008,MA,632.2074074,1048.637037
2008,MS,397.2916667,764.0208333
2008,MT,246.6521739,316
2008,NE,1011.878049,1969.146341
2008,NV,2425.925926,4278.851852
2008,NH,302.3333333,470.1666667
2008,NJ,719.3035714,1146.303571
2008,NC,709.537931,1277.896552
2008,ND,269.3809524,326.5714286
2008,OH,871.9752066,1420.454545
2008,OK,780.5555556,1274.425926
2008,OR,972.3548387,1458.677419
2008,PA,1231.766187,1595.607914
2008,RI,542.7058824,774.7058824
2008,SC,736.1571429,1388.071429
2008,SD,474.3043478,694.826087
2008,TX,782.8492308,1374.501538
2008,UT,1277.933333,1780.133333
2008,VT,169.4814815,216.7777778
2008,WV,253.1346154,349.2307692
2008,WI,954.08,1732.186667
2008,WY,2514.090909,4145.090909
2008,AS,213,312
2008,GU,145.6666667,255
2008,MP,63,116
2008,PR,1249.698413,1847.825397
2008,FM,846,862
2008,PW,181,209
2008,VI,81,280
2008,MH,306,305
2009,AL,796.6621622,1690.702703
2009,AK,281.875,462.125
2009,WA,1036.770833,1844.489583
2009,AZ,1569,2938.263158
2009,NM,1138.697674,2204.674419
2009,AR,1027.983607,2060.065574
2009,CA,692.3554217,1255.353414
2009,MN,688.0229008,1149.496183
2009,CO,1351,2317.204819
2009,CT,630.8441558,1118.766234
2009,NY,453.115894,709.7649007
2009,DE,439.6923077,942.1538462
2009,DC,1907.222222,4027.277778
2009,VA,1000.789063,1918.65625
2009,FL,875.0225806,1755.970968
2009,GA,1170.51634,2326.797386
2009,HI,1493.222222,3070.611111
2009,ID,1951.9375,3729.0625
2009,IL,558.8421053,870.0736842
2009,IN,844.7431193,1716.623853
2009,TN,1031.59542,1934.21374
2009,MI,1111.51634,2324.869281
2009,IA,1197.145161,2667.774194
2009,KS,607.8717949,1068.102564
2009,MO,1065.625899,1862.705036
2009,KY,859.9367089,1512.987342
2009,LA,744.7567568,1704.441441
2009,ME,155.0540541,278.5405405
2009,MD,961.1571429,2111.357143
2009,MA,685.5789474,1168.112782
2009,MS,404.1086957,776.0869565
2009,MT,244.6521739,317
2009,NE,1224.342105,2488.394737
2009,NV,2205.28125,4096.96875
2009,NH,252.7666667,385.8333333
2009,NJ,760.6972477,1273.348624
2009,NC,770.2587413,1455.41958
2009,ND,271.4285714,408.8095238
2009,OH,952.5020243,1640.473684
2009,OK,799.9009009,1367.225225
2009,OR,1018.016393,1585.540984
2009,PA,1306.238754,1732.795848
2009,RI,551.5294118,749.2352941
2009,SC,754.027027,1560.337838
2009,SD,500.125,828.2916667
2009,TX,787.2393939,1441.821212
2009,UT,1340.869565,2026.782609
2009,VT,193.2608696,246.6956522
2009,WV,351.5,501.86
2009,WI,1033.106667,1992.24
2009,WY,2643.454545,4738.818182
2009,AS,237,309
2009,GU,160.6666667,281.3333333
2009,MP,104,176
2009,PR,1281.261905,1941.436508
2009,FM,932,922
2009,PW,220,237
2009,VI,91,280
2009,MH,237,257
2010,AL,1110.428571,2427.480519
2010,AK,345,540.1428571
2010,WA,1026.463158,1882.042105
2010,AZ,2096.597938,4275.278351
2010,NM,1565.355556,3213.644444
2010,AR,1743.783333,3875.083333
2010,CA,904.3062016,1733.812016
2010,MN,890.0697674,1628.75969
2010,CO,1878.071429,3648.869048
2010,CT,903.3552632,1814.157895
2010,NY,469.4688525,714.5344262
2010,DE,425.4285714,929.4285714
2010,DC,2989,6923.833333
2010,VA,1387.548872,2829.323308
2010,FL,1183,2514.006231
2010,GA,1728.230769,3750.089744
2010,HI,2410.684211,5590.263158
2010,ID,3026.588235,6545.705882
2010,IL,679.6910995,1176.874346
2010,IN,1225.081818,2659.409091
2010,TN,1477.350365,3040.19708
2010,MI,1351.243902,2845.585366
2010,IA,1614.730159,3774.52381
2010,KS,822.962963,1690.320988
2010,MO,1549.955556,3094.622222
2010,KY,1153.666667,2207.888889
2010,LA,904.7073171,2058.609756
2010,ME,172.6363636,279.6969697
2010,MD,1280.690141,2970.169014
2010,MA,634.6014493,1170.188406
2010,MS,507.2553191,979.6808511
2010,MT,215.826087,276.6956522
2010,NE,1695.5,3825.1
2010,NV,3397.5,7009.352941
2010,NH,253.2413793,442.862069
2010,NJ,1055.388889,1932.092593
2010,NC,1019.611842,2089.710526
2010,ND,259.047619,353.6666667
2010,OH,1221.612648,2269.853755
2010,OK,1178.702703,2299
2010,OR,1421.166667,2503.483333
2010,PA,1520.199313,2297.707904
2010,RI,629.7222222,815.5
2010,SC,1067.807692,2336.897436
2010,SD,514.0416667,913.625
2010,TX,1016.549575,2073.849858
2010,UT,1746.755102,3043.102041
2010,VT,181.08,235.52
2010,WV,377,530.9230769
2010,WI,1430.267442,3065.313953
2010,WY,4261.636364,9274.363636
2010,AS,234,321
2010,GU,143,279.6666667
2010,MP,88,155
2010,PR,1197.133333,1917.558333
2010,FM,829,905
2010,PW,222,256
2010,VI,94,287
2010,MH,198,194
2011,AL,1302.658228,2940
2011,AK,336.4285714,546.8571429
2011,WA,1160.208333,2181.541667
2011,AZ,2281.342857,4814.333333
2011,NM,1827.6,3786.777778
2011,AR,1990.903226,4558.903226
2011,CA,1046.869565,2082.035917
2011,MN,974.6518519,1845.451852
2011,CO,2118.623656,4304.129032
2011,CT,1042.090909,2103.402597
2011,NY,497.7741935,773.4032258
2011,DE,4120.071429,9684.642857
2011,DC,3579.166667,8450.222222
2011,VA,1618.160584,3483.708029
2011,FL,1340.770588,2895.638235
2011,GA,1977.878049,4460.554878
2011,HI,2762.95,6527.6
2011,ID,3087.55,6701.75
2011,IL,756.142132,1398.847716
2011,IN,1532.719298,3140.368421
2011,TN,1987.125,4312.277778
2011,MI,1503.05988,3137.197605
2011,IA,2122.301587,5238.730159
2011,KS,964.3417722,2054.379747
2011,MO,1738.392857,3562.321429
2011,KY,1325.333333,2591.925926
2011,LA,2759.197674,6484.697674
2011,ME,443.2571429,1138.828571
2011,MD,1608.394737,3375.131579
2011,MA,721.3262411,1336.453901
2011,MS,1642.25,3700.916667
2011,MT,231.4782609,292.4347826
2011,NE,2287.243243,5352.324324
2011,NV,3726.166667,7926.166667
2011,NH,269.2758621,462.9655172
2011,NJ,1166.324324,2215.441441
2011,NC,1285.198718,2561.891026
2011,ND,295.55,414.25
2011,OH,1305.149091,2550.298182
2011,OK,1359.837838,2715.351351
2011,OR,1434.955224,2612.134328
2011,PA,1672.566667,2565.276667
2011,RI,604.4736842,853.0526316
2011,SC,1328.25,3011.7
2011,SD,543.0416667,1030.875
2011,TX,1135.605978,2411.377717
2011,UT,1906.745098,3462.176471
2011,VT,184.76,232.2
2011,WV,445.74,626.44
2011,WI,1766.163043,3630.315217
2011,WY,5137.181818,11198
2011,AS,242,351
2011,GU,149.3333333,253.3333333
2011,MP,136,180
2011,PR,1280.878049,2106.203252
2011,FM,811,959
2011,PW,171,164
2011,VI,115,340
2011,MH,186,202
2012,AL,1700.743902,3771.573171
2012,AK,377.1428571,614.7142857
2012,WA,1415.455446,2604.306931
2012,AZ,2967.495413,6028.889908
2012,NM,2332.23913,4693.282609
2012,AR,2457.537313,5362.985075
2012,CA,1288.158348,2452.230637
2012,MN,1290.741259,2535.72028
2012,CO,2579.298969,5193.907216
2012,CT,1328.166667,2626.269231
2012,NY,575.4819672,884.4229508
2012,DE,5156.066667,11451.33333
2012,DC,4752.555556,10526.33333
2012,VA,2034.659722,4157.25
2012,FL,1673.967391,3456.589674
2012,GA,2614.359281,5646.437126
2012,HI,3742.3,8427.1
2012,ID,4174.35,8592.25
2012,IL,1085.221675,2005.044335
2012,IN,1538.52381,2824.746032
2012,TN,2602.722973,5425.959459
2012,MI,1951.064706,3768.570588
2012,IA,2634.571429,6277.84127
2012,KS,1238.083333,2517.369048
2012,MO,2320.098485,4609.30303
2012,KY,1582.820225,2943.179775
2012,LA,3561.272727,8024.647727
2012,ME,783.8333333,2222.166667
2012,MD,2095.447368,4154.710526
2012,MA,914.1478873,1651.922535
2012,MS,2073.86,4534.94
2012,MT,307.1666667,367.2083333
2012,NE,2665.756098,6048.536585
2012,NV,4656.948718,9445.923077
2012,NH,303.1666667,511.6333333
2012,NJ,1381.106557,2528.196721
2012,NC,1640.490798,3151.644172
2012,ND,415.1904762,772.7142857
2012,OH,1652.482759,3175.737931
2012,OK,1741.313043,3423.504348
2012,OR,1804.575342,3084.506849
2012,PA,1937.728758,3012.45098
2012,RI,606.9,863.3
2012,SC,1700.244186,3837.906977
2012,SD,601.5,1257.041667
2012,TX,1599.718346,3391.44186
2012,UT,2404.314815,4276.407407
2012,VT,203.5416667,257.0833333
2012,WV,476.4464286,627.3392857
2012,WI,2302.050505,4590.262626
2012,WY,6785.454545,14393.18182
2012,AS,298,399
2012,GU,167,296
2012,MP,78,168
2012,PR,1407.894737,2266.052632
2012,FM,943,1108
2012,PW,116,123
2012,VI,144,359
2012,MH,243,236
2013,AL,2338.476744,4552.348837
2013,AK,402.625,616.625
2013,WA,1594.009901,2913.534653
2013,AZ,3950.858407,7408.876106
2013,NM,3003.733333,5694.666667
2013,AR,2770.617647,5970.970588
2013,CA,1712.768092,2852.754934
2013,MN,1764.608392,3413.552448
2013,CO,2974.3,5912.96
2013,CT,1412.423077,2842.179487
2013,NY,750.6261981,1017.715655
2013,DE,844.6666667,1796.733333
2013,DC,5488.333333,12564.83333
2013,VA,2826.948387,5257.787097
2013,FL,2417.644562,4404.488064
2013,GA,3328.964912,6856.076023
2013,HI,4031.6,9346.95
2013,ID,4541.782609,8891.782609
2013,IL,1533.799043,2642.535885
2013,IN,2769.888,4805.456
2013,TN,3235.569536,6272.569536
2013,MI,2771.345238,4587.297619
2013,IA,3268.887097,6898.66129
2013,KS,902.9302326,1366.383721
2013,MO,2299.898649,4048.425676
2013,KY,2114.574468,3796.648936
2013,LA,4029.022472,8973.348315
2013,ME,590.8571429,1514.942857
2013,MD,2808.684211,5125
2013,MA,1156.344828,1903.496552
2013,MS,2511.019608,5179.980392
2013,MT,365.4166667,420.3333333
2013,NE,3140.97619,6756.214286
2013,NV,5760.794872,11005.5641
2013,NH,332.65625,538.875
2013,NJ,1659.826772,2951.244094
2013,NC,2292.92,4064.931429
2013,ND,595.6190476,1286.666667
2013,OH,1864.688356,2876.037671
2013,OK,2090.260504,3815.344538
2013,OR,2376.71831,3686.985915
2013,PA,2327.829193,3410.549689
2013,RI,639,1006.047619
2013,SC,2562.1,4891.411111
2013,SD,734.7083333,1648.666667
2013,TX,2193.655,4221.4675
2013,UT,3040.314815,5291.240741
2013,VT,221.1666667,274.2083333
2013,WV,786.6666667,910.85
2013,WI,2496,4142.989362
2013,WY,762.9,499.9
2013,AS,349,449
2013,GU,205,314.6666667
2013,MP,148,239
2013,PR,1452.839416,2325.59854
2013,FM,1126,1330
2013,PW,214,292
2013,VI,166,427
2013,MH,364,399
2014,AL,3621.385542,4373.072289
2014,AK,323,509.2857143
2014,WA,1261.981308,2122.495327
2014,AZ,4142.336364,4781.881818
2014,NM,3482.931818,4787.545455
2014,AR,1856.271429,2655.042857
2014,CA,2275.902439,2138.095935
2014,MN,2134.109489,3036.131387
2014,CO,2831.363636,3785.89899
2014,CT,1088.368421,2028.947368
2014,NY,1158.932258,1224.025806
2014,DE,768.7142857,1639.071429
2014,DC,3570.055556,7969
2014,VA,3482.697368,4063.855263
2014,FL,3265.002618,3638.693717
2014,GA,2910.521472,3815.852761
2014,HI,2619.047619,5901.619048
2014,ID,5111.958333,6668.416667
2014,IL,2083.660194,2403.436893
2014,IN,4858.764228,5569.869919
2014,TN,3073.410959,3018.678082
2014,MI,3554.843373,3664.650602
2014,IA,3721.262295,4733.081967
2014,KS,1966.494118,1808.717647
2014,MO,2754.774648,2842.746479
2014,KY,2372.944444,2912.933333
2014,LA,2296.397727,2956.193182
2014,ME,545.9459459,1360.081081
2014,MD,3327.171053,4067.407895
2014,MA,1476.276316,1556.118421
2014,MS,2832.122449,4082.816327
2014,MT,368.375,434.5416667
2014,NE,2115.139535,2169.581395
2014,NV,5637.459459,6044.459459
2014,NH,428.1071429,633.6785714
2014,NJ,1717.483607,2462.221311
2014,NC,2774.094444,2987.127778
2014,ND,669.6,1321.4
2014,OH,3056.935593,2831.138983
2014,OK,1933.950413,2108.85124
2014,OR,2905.210526,2928.092105
2014,PA,2695.283912,2424.082019
2014,RI,606.1818182,969.6818182
2014,SC,3881.063158,4422.421053
2014,SD,776.92,1712.4
2014,TX,2573.239583,2905.786458
2014,UT,3114.178571,4065.178571
2014,VT,214.125,254.9583333
2014,WV,1600.375,1234.428571
2014,WI,4124.285714,4177.076923
2014,WY,627.5454545,445.7272727
2014,AS,316,426
2014,GU,341,508.5
2014,MP,166,267
2014,PR,1374.992593,2153.688889
2014,FM,1312,1562
2014,PW,238,277
2014,VI,193,430
2014,MH,433,484
2015,AL,2074.258824,3152.258824
2015,AK,304.5714286,481.4285714
2015,WA,1157.163462,1987.259615
2015,AZ,2814.574074,3900.027778
2015,NM,2385.304348,3883.717391
2015,AR,1277.695652,2261.376812
2015,CA,1351.320557,1626.146341
2015,MN,1461.669173,2475.180451
2015,CO,1960.793814,3085.494845
2015,CT,1164.055556,1980.305556
2015,NY,790.9297125,1028.086262
2015,DE,705.7857143,1429.571429
2015,DC,3225.176471,7088
2015,VA,2213.406897,3207.848276
2015,FL,1959.409704,3021.913747
2015,GA,1880.240741,2972.790123
2015,HI,2596.526316,5735.473684
2015,ID,3367.083333,5433.916667
2015,IL,1317.545,1871.495
2015,IN,5301.461538,8470.638462
2015,TN,1738.189189,2251.554054
2015,MI,2177.730061,3031.815951
2015,IA,1905.688525,3605.360656
2015,KS,1064.795455,1342.318182
2015,MO,1793.651515,2450.886364
2015,KY,1481.247191,2256.640449
2015,LA,1420.411765,2438.623529
2015,ME,474.2,1233
2015,MD,2060.380282,3160.211268
2015,MA,1052.820144,1366.179856
2015,MS,1981.72,3472.78
2015,MT,335.375,405.5
2015,NE,1228.285714,1725.071429
2015,NV,3457.416667,4938.166667
2015,NH,423.5714286,648.3214286
2015,NJ,1339.84,2055.792
2015,NC,1592.601156,2310.32948
2015,ND,506.2857143,992.5714286
2015,OH,1766.065517,2182.258621
2015,OK,1314.46087,1813.678261
2015,OR,1957.643836,2513.493151
2015,PA,1905.947712,2012.555556
2015,RI,635.0952381,962.4285714
2015,SC,2319.268817,3519.268817
2015,SD,751.8,1561.6
2015,TX,1608.729443,2348.047745
2015,UT,2160.519231,3403.692308
2015,VT,209.3913043,256
2015,WV,1007.87037,984.4074074
2015,WI,2116,3068.886364
2015,WY,582.5,430.4
2015,AS,314,335
2015,GU,235.3333333,345.3333333
2015,MP,186,220
2015,PR,846.4961832,1447.053435
2015,FM,1319,1592
2015,PW,364,432
2015,VI,177,407
2015,MH,434,405
2016,AL,1175.253165,2502.56962
2016,AK,329.8333333,485.8333333
2016,WA,977.1914894,1666.510638
2016,AZ,1883.639175,3165.989691
2016,NM,1591.733333,2930.644444
2016,AR,792,1574.238806
2016,CA,802.6,1254.491262
2016,MN,983.5221239,1857.415929
2016,CO,1355.829268,2286.54878
2016,CT,1089.5625,1723.015625
2016,DE,944.0769231,1687.230769
2016,DC,2765.823529,5661.470588
2016,FL,1285.127596,2548.949555
2016,GA,1390.937931,2720.275862
2016,HI,2018.55,4138.9
2016,ID,2217.190476,4271.904762
2016,IL,882.4772727,1383.357955
2016,IN,3015.243243,4717.720721
2016,MI,1112.007194,2119.582734
2016,IA,1321.192982,3113.017544
2016,KS,565.1733333,958.7466667
2016,MO,1081.256,1704.4
2016,KY,905.6527778,1816.333333
2016,LA,801.025641,2005.641026
2016,ME,486.6285714,1392.685714
2016,MD,1421.9375,2731.84375
2016,MA,679.1640625,1080.742188
2016,MS,750.75,1488.979167
2016,MT,291.76,345.04
2016,NE,660.0789474,1537.684211
2016,NV,1813.205882,3526
2016,NH,475.9230769,747.4230769
2016,NJ,1215.345455,1897.290909
2016,NY,578.8480565,902.6572438
2016,NC,1009.3625,1884.475
2016,ND,396.1578947,627.6842105
2016,OH,970.2081633,1642.306122
2016,OK,962.8383838,1787.262626
2016,OR,936.5223881,1614.38806
2016,PA,1341.24,1772.796364
2016,RI,647.4,975
2016,SC,1221.966292,2637.921348
2016,SD,632.4090909,1112.363636
2016,TN,951.0923077,1712.215385
2016,TX,999.9122807,1839.944444
2016,UT,1610.469388,2754.183673
2016,VT,216.6,252.35
2016,VA,1411.413534,2653.315789
2016,WV,587.9423077,810.0192308
2016,WI,1177.111111,2468.791667
2016,WY,529.1,376.5
2016,AS,253,428
2016,GU,218.3333333,322
2016,MP,179,212
2016,PR,730.512,1163.896
2016,FM,1116,1349
2016,VI,170,362
2016,MH,414,393
2017,AL,1079,2272.307692
2017,AK,252.7142857,422.8571429
2017,WA,915.0777778,1542.666667
2017,AZ,1997.336634,3155.089109
2017,NM,1386.377778,2543.155556
2017,AR,727.0634921,1411.84127
2017,CA,759.1389961,1182.457529
2017,MN,721.8811881,1346.792079
2017,CO,1163.717647,1991.235294
2017,CT,677.328125,805.640625
2017,DE,865.6153846,1573.846154
2017,DC,2280.529412,4625.294118
2017,FL,1084.583333,2107.416667
2017,GA,1258.049645,2503.744681
2017,HI,1797.210526,3579.263158
2017,ID,2014.631579,3886.263158
2017,IL,844.8511905,1317.89881
2017,IN,2734.311927,4405.449541
2017,MI,965.6944444,1841.854167
2017,IA,892.4482759,2413.12069
2017,KS,513.739726,850.0684932
2017,MO,1014.6,1661.658333
2017,KY,755.1571429,1547.771429
2017,LA,737.7922078,1858.311688
2017,ME,522.0833333,1583.166667
2017,MD,1195.530303,2337.69697
2017,MA,633.7666667,1020.841667
2017,MS,711.1914894,1382.085106
2017,MT,269.36,322.76
2017,NE,725.7894737,1822.447368
2017,NV,1628.3125,3293.21875
2017,NH,587.68,932.16
2017,NJ,1045.60177,1633.486726
2017,NY,551.8028674,888.2114695
2017,NC,887.5705521,1680.625767
2017,ND,382.0526316,624.3157895
2017,OH,860.6820084,1470.589958
2017,OK,888.5408163,1572.112245
2017,OR,817.7575758,1388.984848
2017,PA,1268.405694,1622.199288
2017,RI,630.35,978.35
2017,SC,1101.356322,2378.62069
2017,SD,584.7916667,1091.708333
2017,TN,866.5984252,1551.370079
2017,TX,933.625,1721.934524
2017,UT,1376.125,2341.083333
2017,VT,205.45,242.7
2017,VA,1296.269231,2451.507692
2017,WV,591.44,797.04
2017,WI,990.6363636,2059.116883
2017,WY,438.4444444,353.2222222
2017,AS,223,267
2017,GU,225.3333333,330.6666667
2017,MP,150,219
2017,PR,694.6377953,1100.23622
2017,FM,744,819
2017,PW,178,178
2017,VI,148,328
2017,MH,224,257
2018,AL,,
2018,AK,,
2018,WA,,
2018,AZ,,
2018,NM,,
2018,AR,,
2018,CA,,
2018,MN,,
2018,CO,,
2018,CT,,
2018,NY,,
2018,DE,,
2018,DC,,
2018,FL,,
2018,GA,,
2018,HI,,
2018,ID,,
2018,IL,,
2018,IN,,
2018,MI,,
2018,IA,,
2018,KS,,
2018,MO,,
2018,KY,,
2018,LA,,
2018,ME,,
2018,MD,,
2018,MA,,
2018,MS,,
2018,MT,,
2018,NE,,
2018,NV,,
2018,NH,,
2018,NJ,,
2018,NC,,
2018,ND,,
2018,OH,,
2018,WV,,
2018,OK,,
2018,OR,,
2018,PA,,
2018,RI,,
2018,SC,,
2018,SD,,
2018,TN,,
2018,TX,,
2018,UT,,
2018,VT,,
2018,VA,,
2018,WI,,
2018,WY,,
2018,AS,,
2018,GU,,
2018,MP,,
2018,PR,,
2018,FM,,
2018,PW,,
2018,VI,,
2018,MH,,
2019,AL,,
2019,AK,,
2019,WA,,
2019,AZ,,
2019,NM,,
2019,AR,,
2019,CA,,
2019,MN,,
2019,CO,,
2019,CT,,
2019,NY,,
2019,DE,,
2019,DC,,
2019,FL,,
2019,GA,,
2019,HI,,
2019,ID,,
2019,IL,,
2019,IN,,
2019,MI,,
2019,IA,,
2019,KS,,
2019,MO,,
2019,KY,,
2019,LA,,
2019,ME,,
2019,MD,,
2019,MA,,
2019,MS,,
2019,MT,,
2019,NE,,
2019,NV,,
2019,NH,,
2019,NJ,,
2019,NC,,
2019,ND,,
2019,OH,,
2019,WV,,
2019,OK,,
2019,OR,,
2019,PA,,
2019,RI,,
2019,SC,,
2019,SD,,
2019,TN,,
2019,TX,,
2019,UT,,
2019,VT,,
2019,VA,,
2019,WI,,
2019,WY,,
2019,AS,,
2019,GU,,
2019,MP,,
2019,PR,,
2019,FM,,
2019,PW,,
2019,VI,,
2019,MH,,
